video_VLcCpqkNypc/3.png,183,377,413,122,719,123,1015,393,1
video_kiOKy3G90Eo/1.png,215,245,606,191,1177,437,229,708,0
video_sNnliVUwYx0/1.png,316,536,643,226,1020,221,1336,534,1
video_N_PzKfjr45w/1.png,35,46,641,23,1581,431,362,791,0
video_qXdGBxj6F-g/1.png,252,632,451,295,778,295,1150,558,1
video_sxG4t3n_5ME/1.png,376,457,637,161,953,152,1286,452,1
video_6qmEpfP-xlg/2.png,108,450,745,188,1061,195,820,581,1
video_Bq96eDBs4ig/3.png,355,527,592,211,908,189,1263,441,1
video_PsKgp-0H8AA/1.png,330,436,494,173,799,150,1120,357,1
video_Jvc-mUZ4ckg/2.png,360,181,1419,76,1769,292,423,651,0
video_2Stj2nK3RxE/3.png,229,628,414,193,817,173,1349,527,1
video_RieJrYPfyLM/2.png,-149,579,-103,89,1526,66,1769,471,1
video_kiOKy3G90Eo/3.png,375,253,749,205,1321,440,394,673,0
video_VELQ7Teh5lk/3.png,405,596,520,178,864,148,1383,446,1
video_oUxV0OhO-xI/1.png,500,550,611,274,971,254,1319,469,1
video_njgSpXceP4E/1.png,-116,184,453,109,625,176,-60,359,0
video_oAAXRFYt5aI/3.png,343,581,513,265,818,239,1197,460,1
video_RZo2bcLcYf0/1.png,299,585,620,226,1010,232,1525,584,1
video_oWmWfsm7_78/1.png,353,273,412,169,550,163,619,264,1
video_lYU_44PTA5Y/1.png,-149,159,928,-52,1595,154,119,865,1
video__MfbI2OaANI/2.png,-79,81,63,-6,402,104,298,266,1
video_U_DwaKeTvC4/1.png,341,307,723,261,1510,410,1044,542,0
video_PFPsvw8q_WY/2.png,-143,463,-62,74,1333,150,1769,566,0
video_yVIElbTm3mc/1.png,261,77,404,63,610,160,318,207,0
video_IXx2BMDKU9g/3.png,105,214,413,84,578,98,510,309,1
video_JMBPJLPVuFM/1.png,375,215,766,164,1371,423,411,657,0
video_3CJSuXdQPuE/1.png,226,664,425,11,937,-6,1718,500,1
video_IXx2BMDKU9g/2.png,298,239,353,127,501,122,582,239,1
video_nhbVcOAQRq0/2.png,459,493,522,238,822,220,1202,422,1
video_KDcvxfRl8X0/1.png,299,570,554,-106,1380,-115,1769,424,1
video_BrhVsnDvHpA/3.png,-76,167,155,127,338,155,283,346,1
video_Zag4t45odKI/3.png,375,687,416,314,749,279,1243,481,1
video_5P0kaMQNvlY/1.png,-141,281,286,52,464,53,509,457,1
video_b0DZIkELh3Y/3.png,-149,512,386,19,852,37,914,661,1
video_4npbJDmUrKs/1.png,380,468,627,170,943,152,1245,392,1
video_xdh6UZm5TXw/2.png,260,258,772,186,1747,561,1006,865,0
video_mWNmZqJmvww/1.png,374,534,470,223,775,220,1176,452,1
video_L7iDpn32KhY/3.png,442,213,761,184,1261,354,563,512,0
video_F3UIyWDlpaM/3.png,163,531,529,170,916,182,1363,526,1
video_0_e1jv1XUb8/1.png,422,473,622,210,932,193,1252,437,1
video_yX6dNkgzPOs/3.png,418,648,460,244,851,235,1410,536,1
video_6_kWYu-a8WY/2.png,457,479,544,187,857,158,1257,377,1
video_ufq1KzsER9E/2.png,334,313,710,262,1255,418,487,608,0
video_dt6LpA5L_OI/2.png,374,365,388,71,611,63,1096,286,1
video_FK3ai_8XERI/2.png,230,253,317,112,459,109,631,224,1
video_UfARrCsoazA/2.png,257,634,542,228,935,234,1429,599,1
video_V7TCWY29hXQ/1.png,-149,395,57,1,1668,110,1720,671,1
video_YxrBU-Zs_9Y/1.png,-27,467,588,118,990,149,1195,582,1
video_wfKvJ8MrV7s/1.png,240,211,330,83,468,79,626,212,1
video_BAbesL4iAQ0/2.png,355,612,632,285,994,270,1420,589,1
video_TgC0cxcOpdM/2.png,242,463,523,154,896,152,1232,449,1
video_IOLABGE7ldc/3.png,499,297,760,288,1120,404,674,444,0
video_CMbIivSYlLI/3.png,141,472,537,109,936,116,1390,470,1
video_Q_cHBqmXXU0/2.png,362,221,675,175,1181,323,516,517,0
video_Y16wHoS5sLg/3.png,-149,653,286,374,1318,374,1769,648,1
video_r0m_EiwNhig/3.png,421,184,706,170,1360,311,1055,398,0
video_TYKsm_glak8/1.png,234,499,804,208,1150,210,1093,633,1
video_m9owy42F0Lw/3.png,552,525,639,129,1051,145,1620,520,1
video_mRQVqvdP-8o/1.png,93,466,772,233,1149,243,1046,608,1
video_4lPQjHPJAcU/1.png,196,389,852,154,1202,159,902,583,1
video_AQm4TXb_jmQ/3.png,310,468,575,142,948,142,1330,470,1
video_vGHM65wibUk/2.png,453,584,558,212,894,193,1438,478,1
video_WNbpu69oNTw/2.png,461,385,765,346,1252,522,554,693,0
video_tG7LAZ7Z3SY/3.png,67,383,450,17,844,4,1145,351,1
video_Ercm2NS-jEI/2.png,281,649,357,229,754,207,1331,470,1
video_L0yrLXSoL88/2.png,321,579,562,267,881,260,1211,536,1
video_lYU_44PTA5Y/3.png,247,567,569,196,949,196,1364,541,1
video_F0USICfL0Y0/3.png,186,130,605,101,1263,309,437,517,0
video_bEtRtAse4Co/2.png,447,555,632,348,888,355,994,571,1
video_xdOmbP-xN4M/2.png,37,376,830,145,1221,181,857,644,1
video_mAcC2ry_42k/2.png,328,249,412,148,544,146,602,256,1
video_UCFzsgrEmtM/3.png,49,583,533,283,835,272,971,553,1
video_na0CdZWSoUU/1.png,430,574,596,210,929,215,1425,550,1
video_VKtbS64Gt0I/3.png,293,550,486,242,848,232,1229,483,1
video_FFT2jOvglfM/2.png,528,200,833,201,1330,431,575,500,0
video_CSs0FOpT-Wg/3.png,476,480,616,200,916,171,1306,384,1
video_b7bPBg4mpg8/1.png,221,506,521,199,909,182,1236,461,1
video__LRDZB7_D3s/2.png,497,212,822,215,1348,481,544,570,0
video_D4PDPBVFawc/1.png,222,166,664,139,1426,447,493,736,0
video_OKePmcHL1fs/2.png,489,547,642,331,903,333,1031,548,1
video_-rlcJaaiDkI/3.png,461,198,1270,53,1759,181,761,602,1
video_TCXqsN-8qtY/1.png,465,509,558,201,882,194,1330,440,1
video_-rlcJaaiDkI/2.png,328,225,1037,23,1462,77,955,572,1
video_OdpLNyc51zc/3.png,-149,531,445,193,838,211,1136,582,1
video_mRFhK9bEPI8/2.png,500,482,600,188,922,176,1360,421,1
video_hh3EtnN-kNQ/2.png,200,549,537,182,926,186,1355,552,1
video_MxogWxwaERU/1.png,291,317,390,215,517,212,578,324,1
video_FK3ai_8XERI/3.png,271,245,327,89,480,85,697,214,1
video_yVIElbTm3mc/3.png,262,74,406,65,613,161,315,203,0
video_0BCkxfdk6fk/1.png,481,219,789,215,1288,467,560,531,0
video_qd70M5NDmbs/1.png,355,575,465,46,891,40,1561,419,1
video_3pOvVj3AMa0/1.png,456,483,534,229,831,209,1193,405,1
video_vLM5E0oFrMY/1.png,127,267,313,72,510,77,724,257,1
video_IRuPXf0VABU/1.png,372,507,509,177,838,168,1276,431,1
video_iNrWaygHVOs/1.png,342,508,578,164,920,166,1308,494,1
video_AQm4TXb_jmQ/1.png,311,475,583,142,950,152,1340,469,1
video_fE6C77UZDqc/2.png,453,643,644,432,902,435,1011,659,1
video_35RoBeBXe2g/2.png,350,477,614,169,926,157,1271,450,1
video_CMbIivSYlLI/2.png,-84,499,383,101,795,95,1217,411,1
video_kGz87hmDitg/1.png,236,345,601,255,1401,316,1229,598,0
video_y5uH8YPCytg/2.png,430,190,746,177,1223,383,455,504,0
video_oVB6d5-56CQ/2.png,135,587,258,33,698,31,1313,392,1
video_myj01NyRRJw/3.png,360,182,762,142,1430,388,464,615,0
video_YWEaMG9dEOc/2.png,218,190,648,115,1431,314,530,711,0
video_AfeimRY5O2k/3.png,159,532,518,175,901,175,1283,510,1
video_U0ptKf07MM8/3.png,269,474,755,183,1095,191,1285,608,1
video_6qmEpfP-xlg/1.png,292,385,967,177,1348,194,794,653,1
video_J8rYM8OP8s4/2.png,352,189,761,193,1394,514,401,656,0
video_RsWrBb_K0oQ/3.png,397,483,1021,418,1245,500,435,609,1
video_AfeimRY5O2k/1.png,201,540,547,176,951,182,1318,538,1
video_hh3EtnN-kNQ/1.png,189,543,541,182,933,178,1323,528,1
video_Z7LqOkUTZks/2.png,489,618,575,67,1018,46,1769,503,1
video_ROyEeR_Pm-o/2.png,312,179,349,64,493,66,646,178,1
video_loAG72S_TZQ/2.png,494,554,640,345,898,340,1040,559,1
video_m9owy42F0Lw/2.png,203,488,629,89,976,83,1292,484,1
video_pCRZZT4IGgY/3.png,371,519,591,261,895,263,1213,523,1
video_hCVtUB3rlAQ/3.png,428,240,747,206,1170,390,449,523,0
video_0s8OryI1UHo/2.png,241,157,674,143,1399,460,428,725,0
video_Ercm2NS-jEI/3.png,282,654,347,231,747,206,1311,480,1
video_r0m_EiwNhig/2.png,114,187,511,159,1297,309,1022,497,0
video_9qnu7IuJVbE/3.png,417,190,737,138,1233,296,553,495,0
video_WNbpu69oNTw/3.png,466,385,765,348,1252,509,543,672,0
video_8zW4IdGju9s/1.png,79,502,418,307,1026,284,1588,418,1
video_4ylVm4KUpQo/3.png,282,520,616,257,923,269,1170,555,1
video_sNnliVUwYx0/2.png,189,176,608,109,1371,297,625,627,0
video_Fvv0vLggn54/3.png,293,189,681,158,1224,369,429,548,0
video_X78nXwKFkFI/3.png,288,562,535,145,920,135,1438,514,1
video_3A8Ikeu32Nc/1.png,235,487,509,134,843,110,1185,381,1
video_BAMqgLhI3iY/2.png,530,547,547,236,877,204,1360,398,1
video_CkNUSRMBT0o/3.png,209,99,624,59,1538,263,1245,501,0
video_-macSVqmatI/2.png,439,610,514,241,839,183,1333,397,1
video_hKJhJa_ylnY/2.png,261,184,802,653,1414,414,667,158,1
video_6_kWYu-a8WY/1.png,500,190,820,162,1310,371,523,498,0
video_w7XojtPAJOo/2.png,-6,437,729,178,1093,201,837,600,1
video_PAz80I4mTfE/2.png,545,203,930,170,1416,445,549,607,0
video_J8rYM8OP8s4/3.png,346,199,744,192,1356,525,416,667,0
video_EBShIenu_CE/2.png,178,34,654,29,1359,366,396,570,0
video_mnAGNTChKTw/2.png,-112,165,1100,24,1614,142,88,565,1
video_Bq96eDBs4ig/1.png,-148,604,152,204,1408,94,1769,454,0
video_ytPZcWNa2Ao/1.png,-69,228,20,40,712,63,885,252,0
video_U_DwaKeTvC4/3.png,414,418,729,204,971,228,714,503,1
video__MfbI2OaANI/1.png,70,176,191,139,340,157,395,218,1
video_uOIHTdM1XdE/1.png,199,214,309,36,468,32,683,188,1
video_rkfmjuRU6vk/3.png,187,493,656,144,1030,140,1250,496,1
video_Lr-nOLgl74A/2.png,-149,557,421,96,840,81,1080,510,1
video_zVZFLSOJRU4/3.png,380,560,527,292,829,284,1178,509,1
video_0pz1z3ImA2s/2.png,429,634,502,201,850,155,1435,431,1
video_W60udKeku6A/2.png,194,162,590,132,1222,383,645,630,0
video_G1RwIwcrP7g/3.png,374,190,706,161,1240,347,534,531,0
video_LHXsvPCI3tE/2.png,-149,589,242,319,1285,343,1727,617,0
video_ngZObXeHOlE/1.png,289,442,593,118,937,112,1279,423,1
video_v3zF9AL6JlQ/2.png,-47,268,378,240,1330,351,575,726,0
video_nC6zxrNA-HU/2.png,395,403,624,143,932,137,1234,414,1
video_55kVGqIMVCQ/1.png,-149,365,481,144,841,148,992,379,1
video_J4WkEjWTVB0/2.png,518,108,876,101,1419,359,548,419,0
video_M-7JcXxiz2g/2.png,415,310,724,272,1187,453,440,610,0
video_JF20dfJfBR0/3.png,330,281,719,221,1258,437,447,702,0
video_Vz8j7hVZvRg/3.png,340,547,536,241,848,225,1181,464,1
video_Zv9P1nX-rBE/2.png,445,538,562,270,867,248,1237,458,1
video_3pOvVj3AMa0/2.png,482,483,553,228,855,206,1206,408,1
video_l7sr7GHHNxk/3.png,254,387,650,105,1010,113,1195,427,1
video_BhH9sPOoGmo/1.png,320,486,522,188,847,191,1139,450,1
video_4053dAanKYw/3.png,252,675,410,157,772,101,1331,386,1
video_b0DZIkELh3Y/1.png,-149,546,403,24,868,33,907,599,1
video_oWmWfsm7_78/2.png,349,272,417,170,548,165,624,266,1
video_VTTeqsYRTaA/1.png,461,250,793,215,1326,426,518,617,0
video_NYMFPYCzhZA/3.png,55,325,165,219,332,195,526,248,1
video__6-9Bua_eGo/3.png,354,468,589,160,917,138,1257,394,1
video_p59_b47IISM/2.png,180,624,472,85,896,79,1504,504,1
video_-Aaghil4A8c/2.png,426,335,928,171,1268,200,1031,495,1
video_TgC0cxcOpdM/3.png,225,459,527,155,897,152,1214,430,1
video_ytPZcWNa2Ao/3.png,231,164,348,21,509,22,665,168,1
video_YQC56ZneouU/2.png,72,858,565,488,969,447,1062,845,1
video_AmFXB9lTLYs/1.png,71,210,146,105,292,84,409,168,1
video_TMhmKRYIZrQ/1.png,320,262,398,155,531,153,592,261,1
video_o0pzDQUpXUg/1.png,251,60,655,11,1376,226,599,507,0
video_HiCeOfpmF5E/3.png,392,118,739,95,1133,318,407,435,0
video_WtdzkvjHyME/3.png,154,242,552,204,1310,364,992,563,0
video_2RfI6SBEr-4/2.png,273,394,694,117,1054,131,1200,458,1
video_cGNnWM-4vs0/3.png,151,468,606,127,982,180,1329,615,1
video__jdBOLGeRew/2.png,-122,726,-77,103,920,49,1168,646,0
video_3E_Kr84DFR0/2.png,283,492,579,174,924,174,1257,497,1
video_yX6dNkgzPOs/2.png,430,625,470,227,850,219,1421,528,1
video_9qnu7IuJVbE/2.png,414,187,745,136,1246,290,549,495,0
video_OKePmcHL1fs/3.png,489,530,640,317,905,312,1032,524,1
video_UfARrCsoazA/3.png,457,221,822,213,1377,487,484,574,0
video_V6jwvGWL8Og/1.png,443,473,528,211,828,191,1191,385,1
video_37vfYmOscWw/1.png,382,573,611,246,920,212,1245,469,1
video_Zv9P1nX-rBE/1.png,415,552,545,280,849,265,1166,470,1
video_Y16wHoS5sLg/1.png,246,624,498,368,800,344,1007,566,1
video_I8Wb_RJglns/1.png,499,505,563,181,908,172,1336,443,1
video_aw0Ul-ydKAs/3.png,476,417,595,143,897,150,1252,401,1
video_M-7JcXxiz2g/3.png,386,316,716,283,1134,452,409,620,0
video__6-9Bua_eGo/1.png,350,466,575,170,900,152,1207,400,1
video_OdpLNyc51zc/1.png,270,477,597,198,971,216,1379,514,1
video_5skqGKb79bg/2.png,283,261,365,102,493,107,577,257,1
video_OKePmcHL1fs/1.png,489,546,643,330,904,329,1035,540,1
video_rkfmjuRU6vk/1.png,214,473,663,138,1049,122,1254,496,1
video_asWb6hspzyw/3.png,401,514,516,68,885,61,1378,403,1
video_b7bPBg4mpg8/3.png,211,509,514,199,918,184,1221,465,1
video_doHGX7nUJ-E/1.png,-61,572,489,194,833,196,1028,556,1
video_U9PuNFFSnNg/1.png,344,619,455,148,814,138,1347,460,1
video_Y8rmIYZJu0g/2.png,315,530,479,246,848,232,1282,447,1
video_y67nixh-_fU/3.png,475,378,961,230,1280,239,1014,511,1
video_11FluGBAPEc/2.png,420,539,584,276,891,262,1237,465,1
video_OZIVwp1vr7Y/3.png,111,717,593,540,978,518,1038,673,1
video_GU9lAIFAJsQ/1.png,312,535,618,272,926,271,1144,516,1
video_FfwEUzNHTEo/2.png,389,204,772,172,1475,389,701,589,0
video_3hf7rFQdx6g/3.png,59,526,544,194,941,222,1355,604,1
video_F0USICfL0Y0/2.png,187,123,609,95,1285,322,436,510,0
video_iRwqC53UJlo/1.png,249,77,1311,85,1306,646,257,652,1
video_tgWRJvVEmsw/3.png,117,261,769,24,1160,52,947,438,1
video_br45wsaNirU/3.png,440,502,609,236,908,229,1266,469,1
video_qmnbwP-W28Q/1.png,266,232,628,213,1297,395,860,544,0
video_au19ZLW8Fk4/3.png,434,272,740,248,1210,435,485,561,0
video_Qi1X7WH2m2s/1.png,231,199,646,193,1385,429,632,634,0
video_-Aaghil4A8c/1.png,421,338,929,161,1271,194,1040,499,1
video_xO2TX6oKd2Q/3.png,193,186,631,127,1347,380,432,717,0
video_ksKRl9kki5s/1.png,753,218,1062,206,1589,447,785,475,0
video_rcTLm0Irbsg/1.png,283,41,732,35,1481,412,367,649,0
video_Yj0fp2ibxM8/1.png,-138,733,512,93,911,72,1366,738,1
video_-7ArGf4tRLY/1.png,442,462,479,128,817,92,1269,310,1
video_AzIPuwF1b2U/1.png,-149,553,438,104,931,132,1222,608,1
video_0s8OryI1UHo/1.png,232,152,670,132,1376,467,382,724,0
video_gpO2VkdioEo/2.png,293,503,667,169,1066,141,1401,435,1
video_ya_tHB4MQrA/3.png,254,240,636,175,1316,337,709,608,0
video_4VCZas5ggm4/2.png,289,137,822,126,1769,493,618,687,0
video_3TXCxFgcbAk/2.png,267,507,495,106,905,95,1406,419,1
video_J8rYM8OP8s4/1.png,356,193,755,187,1350,504,409,652,0
video_TMhmKRYIZrQ/2.png,328,260,398,155,529,152,594,253,1
video_JUuc-V7Fve8/1.png,192,64,668,18,1434,312,472,657,0
video_tK2_IJw-oAg/3.png,451,466,646,267,906,268,1002,472,1
video_NwzK9WTOxh8/1.png,228,167,675,133,1430,423,552,747,0
video_PFq1C5ZcHJU/3.png,331,114,748,91,1397,413,412,606,0
video_kQabMVy3Dbw/3.png,454,553,502,239,829,209,1260,428,1
video_HL4SwPzUThA/2.png,-40,209,364,95,570,116,570,330,1
video_4ylVm4KUpQo/1.png,491,530,651,255,950,257,1085,535,1
video_zllDvvsz8BQ/1.png,326,260,401,153,526,147,602,258,1
video_2gGyWDQqcK8/3.png,419,213,751,176,1282,415,420,582,0
video_ZpABzhyRTUE/1.png,-149,522,443,175,833,178,842,583,1
video_vGHM65wibUk/3.png,349,511,589,189,916,172,1290,448,1
video_uIT16C_TGUo/2.png,404,618,542,437,1117,365,1267,491,0
video_QHoZK5ER0JQ/3.png,161,181,615,147,1322,372,402,642,0
video_MwsH4KlwHNg/2.png,271,91,401,92,644,206,301,242,0
video_erzBMMqLFUM/2.png,224,205,636,194,1295,408,517,587,0
video_TTngT58n1Tk/3.png,252,637,531,146,955,155,1577,589,1
video_x-j8OOgfwFk/1.png,192,598,256,118,772,88,1490,420,1
video_BRKiz7YbhfI/1.png,295,240,303,85,447,69,679,174,1
video_sNnliVUwYx0/3.png,166,174,597,107,1368,296,603,626,0
video_cWDWXM8C-pI/2.png,235,566,547,248,860,250,1170,548,1
video_DgC0wJ5Fu94/2.png,116,190,551,145,1284,325,595,572,0
video_0pz1z3ImA2s/3.png,423,642,505,207,858,158,1400,432,1
video_0_e1jv1XUb8/3.png,317,438,660,196,961,188,1095,435,1
video_t7OJrHtft1U/1.png,363,410,844,211,1189,214,971,492,1
video_jnsEkv2E2Uc/3.png,323,174,730,135,1330,396,440,617,0
video_PsKgp-0H8AA/2.png,521,175,834,159,1324,358,571,456,0
video_0RKArjNCG5E/2.png,237,620,326,161,744,139,1328,446,1
video_P888GrGgq44/1.png,461,506,566,269,864,269,1201,485,1
video_Vz8j7hVZvRg/2.png,331,539,530,243,850,227,1172,457,1
video_PqYPe-gUesE/3.png,-49,315,381,269,1094,384,820,571,0
video_g6GOx4v1QoQ/2.png,296,532,299,134,691,109,1259,372,1
video_37v_r8erBIs/2.png,105,515,532,105,937,122,1338,530,1
video_-7ArGf4tRLY/3.png,565,435,609,112,925,81,1426,331,1
video_BAMqgLhI3iY/1.png,527,546,545,232,879,192,1320,400,1
video_uTiYQ__rNh0/3.png,386,168,709,140,1154,305,479,443,0
video_ogvpCRQbNeU/1.png,608,316,663,264,924,250,1088,298,1
video_uTiYQ__rNh0/2.png,395,170,712,140,1127,307,474,442,0
video_CBjVPbhJCR8/3.png,241,164,339,52,470,54,598,167,1
video_b6rdt2X1D5s/3.png,434,266,734,199,1270,322,654,531,0
video_fFFtVTNoJI8/3.png,311,213,708,201,1262,467,358,608,0
video_hEh5biIImsQ/1.png,372,576,553,266,884,247,1213,479,1
video_wYzKJcFlkbk/2.png,-149,536,392,115,768,106,864,523,1
video_43NHvGRwqcs/1.png,382,465,406,113,794,106,1413,374,1
video_-gKrD4kvaF8/2.png,466,534,690,59,1066,53,1719,515,1
video_RsWrBb_K0oQ/2.png,398,587,981,420,1193,464,458,713,1
video_WY8jAEnvEqE/2.png,428,500,592,208,907,218,1299,506,1
video_J4WkEjWTVB0/1.png,519,109,887,102,1376,358,534,426,0
video_zllDvvsz8BQ/3.png,328,259,404,154,531,153,601,257,1
video_x-j8OOgfwFk/3.png,23,148,579,80,1521,322,542,710,0
video_m1kdeKoUXTc/1.png,224,635,537,292,925,304,1284,626,1
video_w_x_Din3c8w/1.png,470,251,769,217,1272,373,637,516,0
video_4uySqCF9WJE/3.png,210,232,262,100,399,56,559,97,1
video_9xGKTQzNpKc/3.png,368,589,564,340,864,345,1159,585,1
video_8tRLqURl_To/2.png,275,144,709,69,1435,318,393,726,0
video_l4GR7UPKizo/2.png,409,171,787,178,1415,476,590,601,0
video_uIT16C_TGUo/3.png,436,574,632,411,1224,373,1323,550,0
video_Qi1X7WH2m2s/3.png,220,196,646,180,1382,422,620,617,0
video_2PjP_Q8KZfY/1.png,263,451,529,148,860,134,1146,387,1
video_Yj0fp2ibxM8/3.png,338,439,509,86,861,59,1256,323,1
video_HiCeOfpmF5E/2.png,400,109,743,91,1158,315,414,436,0
video_UCFzsgrEmtM/1.png,-129,663,326,306,667,280,799,542,1
video_3A8Ikeu32Nc/3.png,762,558,771,133,1230,117,1769,498,1
video_ft0JiiHIGq0/2.png,363,195,751,147,1318,357,447,560,0
video_VTTeqsYRTaA/2.png,453,243,787,212,1300,418,520,596,0
video_HY1nqgZXIDM/1.png,345,466,548,189,857,188,1164,421,1
video_wCj3acYl7O4/3.png,440,276,791,267,1264,495,538,577,0
video_Vz8j7hVZvRg/1.png,336,539,534,242,854,231,1186,458,1
video_k_fiklR3BUg/3.png,114,251,248,73,414,48,574,161,1
video_E---dMDyhQc/1.png,242,531,558,153,951,154,1346,485,1
video_erzBMMqLFUM/3.png,232,206,638,193,1289,406,490,559,0
video_4uySqCF9WJE/1.png,243,23,320,18,357,149,251,162,0
video_BRKiz7YbhfI/3.png,307,229,322,73,463,56,719,164,1
video_RfGMk0A4qN4/3.png,237,720,529,306,956,264,1376,579,1
video_mxgDdqZCbaA/2.png,382,475,451,204,776,200,1139,423,1
video_Kt9i-PILzKQ/3.png,196,608,359,134,791,117,1398,440,1
video_Ct29gq6OOwQ/2.png,472,519,500,258,813,243,1171,417,1
video_ZpABzhyRTUE/2.png,229,494,570,143,951,155,1301,501,1
video_3BY1e4R5WFI/1.png,395,426,473,114,849,114,1255,372,1
video_Y8rmIYZJu0g/1.png,322,532,479,250,850,231,1272,440,1
video_na0CdZWSoUU/3.png,362,648,530,232,883,217,1396,544,1
video_b6rdt2X1D5s/2.png,439,258,759,197,1293,326,660,531,0
video_dePs8ZivJaY/2.png,212,352,898,100,1279,115,842,560,1
video_fWjxPyIwTLw/3.png,-149,639,412,77,812,60,777,602,1
video_Obacc9l4VTQ/2.png,313,663,345,101,782,100,1420,474,1
video_cnQdruTOuUQ/2.png,215,200,614,181,1308,405,614,631,0
video_JkGuEIk5jBU/3.png,227,254,645,228,1512,528,1048,864,0
video_q69MUSqwYng/1.png,355,513,588,205,906,179,1271,439,1
video_PAz80I4mTfE/1.png,524,594,536,205,873,169,1418,422,1
video_09MBXIpBISk/2.png,349,319,934,158,1301,220,1028,550,1
video_4lPQjHPJAcU/2.png,211,385,839,158,1185,169,885,565,1
video_X78nXwKFkFI/1.png,220,576,470,148,871,137,1353,491,1
video_FFT2jOvglfM/1.png,508,214,812,213,1288,436,567,499,0
video_0BCkxfdk6fk/2.png,429,488,643,172,977,191,1369,528,1
video_ME4mRDPRErA/2.png,243,209,661,132,1448,342,711,698,0
video_PNaEctKf8eI/3.png,462,500,581,220,898,210,1266,452,1
video_fFFtVTNoJI8/1.png,320,213,730,207,1276,470,381,599,0
video_Lacj3P899GE/2.png,449,561,632,362,887,361,973,575,1
video_DYVR_0R8M5o/1.png,-34,561,524,142,856,121,989,484,1
video_2CgZaES757I/2.png,513,528,660,318,926,313,1043,524,1
video_V-mNbaK6W1U/2.png,341,469,556,173,874,173,1226,432,1
video_V6jwvGWL8Og/2.png,499,460,586,207,891,184,1250,389,1
video_myj01NyRRJw/2.png,195,575,536,231,907,217,1248,533,1
video_CrEIUO2Lt_s/3.png,380,170,748,128,1312,373,386,653,0
video_8nvgf6LHKAU/3.png,273,610,537,134,955,158,1531,609,1
video_CSs0FOpT-Wg/1.png,465,472,607,200,916,172,1286,381,1
video_ZpABzhyRTUE/3.png,188,490,568,154,937,158,1291,503,1
video_r--MckaBDqo/2.png,324,285,390,177,528,177,601,282,1
video_zllDvvsz8BQ/2.png,332,255,400,151,530,151,600,256,1
video_jnsEkv2E2Uc/1.png,332,175,738,137,1339,407,466,600,0
video_U_DwaKeTvC4/2.png,242,654,544,330,896,327,1203,617,1
video_r1Ki_4Hhg8k/1.png,31,385,464,252,1297,302,1146,659,0
video_MRz-Yqvhs10/3.png,131,163,546,7,758,13,524,341,1
video_FVSqIITKdQE/2.png,449,353,702,124,1036,142,1254,400,1
video_OZIVwp1vr7Y/2.png,141,703,584,539,972,514,1046,665,1
video_w_x_Din3c8w/3.png,489,244,790,212,1285,369,660,504,0
video_N_PzKfjr45w/3.png,40,54,631,26,1586,440,354,787,0
video_QSIBU_vNLVk/3.png,231,595,444,165,846,133,1362,431,1
video_3yob0dXUdN4/2.png,246,486,575,102,1061,83,1399,430,1
video_A160vH3AjP8/2.png,138,124,707,117,1743,566,459,865,0
video_HqMINYKhw24/3.png,316,171,717,155,1279,404,401,567,0
video_l4GR7UPKizo/1.png,-30,365,749,186,1128,249,769,615,1
video_oVB6d5-56CQ/3.png,121,586,255,36,698,35,1319,399,1
video_sUTiAvqSnqs/3.png,200,128,370,111,700,222,468,370,0
video_HqMINYKhw24/1.png,306,315,690,267,1308,461,553,680,0
video_43NHvGRwqcs/2.png,378,470,400,111,791,111,1384,367,1
video_wCj3acYl7O4/2.png,444,275,781,265,1281,495,534,585,0
video_ufq1KzsER9E/1.png,342,321,705,264,1255,409,472,621,0
video_QxTIR4167Ag/3.png,475,460,509,129,847,97,1320,326,1
video_nC6zxrNA-HU/3.png,277,421,521,141,837,144,1120,392,1
video_Vmi-Yr6T9w0/3.png,320,579,615,281,930,272,1218,545,1
video_2xpjcI3yT6Y/2.png,379,190,782,153,1395,409,401,626,0
video_T82PbuwR6tg/2.png,573,517,674,265,1030,260,1396,494,1
video_2DlERJa4UDk/1.png,369,161,781,111,1424,374,382,633,0
video_glg_IdlQ9jg/3.png,349,439,552,146,870,128,1186,368,1
video_VgMcieJWLns/1.png,569,534,618,202,947,180,1461,461,1
video_CMbIivSYlLI/1.png,-149,587,399,123,847,129,934,624,1
video_YWEaMG9dEOc/3.png,207,198,651,113,1426,337,520,712,0
video_gSgt9X49hHI/1.png,289,562,310,107,733,98,1307,429,1
video_6TEkuL8-w2o/3.png,66,368,303,29,540,30,912,326,1
video_t-Z1LfSIDRM/3.png,419,496,452,223,766,201,1162,378,1
video_1e54nYMjqVc/3.png,401,247,713,211,1209,359,585,506,0
video_LHXsvPCI3tE/3.png,-149,586,255,325,1278,339,1737,611,0
video_GpueRTjW18A/1.png,178,404,1048,220,1336,277,265,532,1
video_VKtbS64Gt0I/1.png,271,544,478,241,843,224,1209,474,1
video_JkGuEIk5jBU/1.png,236,227,621,214,1217,456,613,712,0
video_Bq96eDBs4ig/2.png,368,523,579,205,910,182,1277,435,1
video_M26AN7RDyaQ/3.png,312,445,704,178,1059,167,1298,436,1
video_jh1P-oUjfPw/2.png,423,441,619,164,936,164,1316,424,1
video_rkfmjuRU6vk/2.png,168,490,651,149,1042,139,1255,503,1
video_mAcC2ry_42k/3.png,323,248,410,149,543,147,598,255,1
video_DihMdqCXC_Q/2.png,259,199,665,125,1367,263,632,565,0
video_VFrTc5DVTjo/3.png,328,105,745,76,1441,386,494,610,0
video_g6GOx4v1QoQ/1.png,137,736,271,282,663,214,1185,452,1
video_mAcC2ry_42k/1.png,315,250,414,149,540,149,596,251,1
video_40ilAbw8zVw/2.png,-17,567,459,111,972,87,1352,492,1
video_AmFXB9lTLYs/2.png,217,178,218,124,340,113,526,145,1
video_55kVGqIMVCQ/3.png,130,541,521,221,875,209,1099,504,1
video_2sherKKoAtA/2.png,397,418,615,175,928,180,1214,429,1
video_Cl-2ZwoOn_k/2.png,332,405,603,148,916,123,1151,355,1
video_soAEjpSsjrU/1.png,147,863,192,135,667,131,1452,561,1
video_A8PMy27pP1U/3.png,432,643,455,253,833,245,1363,538,1
video_TNGyT42_oeM/2.png,155,170,572,157,1256,411,654,605,0
video_w-xVMSXcBww/2.png,-27,409,833,71,1275,103,851,740,1
video_vGHM65wibUk/1.png,425,612,538,262,874,236,1337,477,1
video_8EsUNTGGQQ0/2.png,214,618,437,185,822,173,1267,518,1
video_0HEEqVYSkwk/1.png,277,628,371,206,775,207,1303,527,1
video_oAAXRFYt5aI/2.png,359,557,505,255,821,229,1172,443,1
video_GU9lAIFAJsQ/3.png,312,533,626,271,930,272,1145,521,1
video_11FluGBAPEc/3.png,430,541,588,277,894,260,1241,478,1
video_ft0JiiHIGq0/3.png,288,587,478,170,873,138,1407,432,1
video_JQIAV-GjvnI/1.png,153,570,545,11,979,30,1594,555,1
video_UVxpo48oM4k/2.png,310,464,592,183,908,164,1171,422,1
video_kU4iII0a4aY/3.png,275,608,530,252,914,234,1342,529,1
video_CLOSgksyfBA/2.png,18,289,743,-11,1161,25,1082,575,1
video_5MLTTVUDFXs/1.png,484,537,629,324,901,322,1020,536,1
video_OdpLNyc51zc/2.png,1,507,550,212,947,239,1209,592,1
video_whE8WWeqyp0/2.png,352,345,608,92,945,100,1191,372,1
video_b6rdt2X1D5s/1.png,456,262,754,202,1272,327,679,522,0
video_LANtRkCOvEU/3.png,21,185,188,169,597,241,281,354,0
video_w_x_Din3c8w/2.png,474,247,772,215,1276,373,649,510,0
video_37vfYmOscWw/2.png,355,576,613,248,922,217,1237,478,1
video_HY1nqgZXIDM/3.png,313,408,587,23,930,26,1349,392,1
video_WtdzkvjHyME/1.png,158,250,557,200,1311,366,1007,564,0
video_e4z1vPngaxY/1.png,214,297,322,137,500,116,671,243,1
video_F0USICfL0Y0/1.png,195,127,603,92,1259,313,442,506,0
video_tTIEeIavgc0/3.png,293,506,664,172,992,175,1247,501,1
video_hFKcG1pyA-A/3.png,262,66,701,47,1446,370,466,661,0
video_l4GR7UPKizo/3.png,407,168,797,172,1424,487,574,596,0
video_YwhLBsUWz-8/2.png,152,181,328,158,713,209,632,323,0
video_jnsEkv2E2Uc/2.png,332,176,729,134,1373,394,451,610,0
video_T_rWd7mmWA4/1.png,332,148,680,129,1218,333,564,502,0
video_2RfI6SBEr-4/1.png,276,386,712,112,1080,127,1208,459,1
video_MwLoBoHlD1Q/2.png,566,476,584,180,911,162,1389,410,1
video_CSs0FOpT-Wg/2.png,460,473,606,199,924,176,1282,381,1
video_PNaEctKf8eI/2.png,559,460,770,197,1091,203,1439,500,1
video_L7iDpn32KhY/1.png,370,220,700,177,1181,316,589,502,0
video_fE6C77UZDqc/1.png,446,642,640,433,906,444,999,664,1
video_iaC81T872GM/1.png,215,197,625,182,1400,414,655,613,0
video_7HSOlV4Jss4/2.png,442,750,581,249,937,230,1667,609,1
video_uIT16C_TGUo/1.png,349,677,621,294,1004,298,1112,705,1
video_VFrTc5DVTjo/2.png,317,102,746,77,1457,382,501,598,0
video_mRFhK9bEPI8/1.png,499,471,593,188,923,183,1313,418,1
video_A160vH3AjP8/1.png,173,146,714,129,1737,591,504,865,0
video_7HSOlV4Jss4/1.png,498,227,828,205,1290,405,595,511,0
video_Xa3QpJBbih8/2.png,359,705,415,105,837,119,1509,547,1
video_hCVtUB3rlAQ/2.png,431,236,750,205,1185,400,468,513,0
video_2RfI6SBEr-4/3.png,276,399,685,113,1050,140,1211,462,1
video_JMBPJLPVuFM/3.png,370,213,761,167,1392,414,392,658,0
video_bEtRtAse4Co/3.png,442,555,627,348,889,353,982,562,1
video_5gWlAdGamFo/3.png,555,236,1197,87,1627,139,1023,502,1
video_rS8BSxELoQQ/2.png,259,521,540,220,917,215,1252,499,1
video_4npbJDmUrKs/3.png,437,458,526,136,859,99,1311,317,1
video_35RoBeBXe2g/3.png,364,572,616,235,951,225,1331,552,1
video_-macSVqmatI/1.png,377,494,479,131,815,82,1268,301,1
video_6qmEpfP-xlg/3.png,42,405,773,133,1123,139,814,594,1
video_M26AN7RDyaQ/2.png,255,497,619,183,1006,167,1351,466,1
video_GpueRTjW18A/3.png,74,430,1053,215,1358,274,301,533,1
video_cnQdruTOuUQ/1.png,205,194,611,181,1365,398,602,648,0
video_myj01NyRRJw/1.png,226,645,443,232,838,220,1358,533,1
video_RlUmerNkJe8/1.png,-149,434,467,45,892,49,973,455,1
video__LRDZB7_D3s/1.png,494,220,809,215,1336,485,516,568,0
video_fmQ9QVwbMAM/3.png,184,474,440,455,513,482,208,506,1
video_FfwEUzNHTEo/3.png,329,188,718,154,1409,362,644,576,0
video_sUTiAvqSnqs/2.png,276,139,418,128,621,223,291,269,0
video_Kt9i-PILzKQ/2.png,263,506,536,133,948,128,1408,477,1
video_I99iwLtz2Fc/3.png,694,534,930,519,973,598,702,616,1
video_-7ArGf4tRLY/2.png,459,450,491,127,820,92,1275,305,1
video_N1hkt5NMry4/1.png,247,292,646,244,1503,474,1061,865,0
video_V1Yvzrjig5o/3.png,-149,553,456,139,870,119,1017,523,1
video_2DlERJa4UDk/2.png,376,168,794,115,1445,370,391,613,0
video_G2Eu2F4EZLc/3.png,353,448,866,145,1277,134,1329,525,1
video_U_xOdcsji9A/2.png,156,525,513,156,902,173,1271,519,1
video_MKMZJULUUmY/1.png,344,491,611,195,921,179,1237,434,1
video_cWDWXM8C-pI/1.png,-119,709,327,301,727,291,938,635,1
video_GU9lAIFAJsQ/2.png,327,533,620,273,930,264,1154,519,1
video_c0RRmUl2fzA/1.png,422,582,512,146,1064,136,1152,582,1
video_W60udKeku6A/1.png,486,522,539,159,883,161,1394,489,1
video_5MLTTVUDFXs/3.png,470,533,625,326,895,316,1031,526,1
video_MwsH4KlwHNg/3.png,271,82,420,86,643,210,297,246,0
video_2sherKKoAtA/3.png,414,415,613,180,926,181,1184,421,1
video_gPL2UbEL4i8/3.png,309,384,877,177,1262,203,1129,539,1
video_E---dMDyhQc/2.png,249,530,557,162,947,152,1354,487,1
video_kW5T7OXSRyY/1.png,269,344,883,69,1347,95,1302,547,1
video_PFq1C5ZcHJU/2.png,326,114,757,97,1387,401,409,593,0
video_IquTvh87kG0/1.png,441,538,547,170,891,172,1396,482,1
video_FfwEUzNHTEo/1.png,214,510,512,110,904,100,1386,456,1
video_wV5hmQKxyv0/2.png,233,306,259,135,412,115,628,212,1
video_rS8BSxELoQQ/1.png,228,535,553,213,924,208,1253,500,1
video_PFq1C5ZcHJU/1.png,332,115,755,86,1396,401,398,600,0
video_blNSbjWRia0/1.png,303,400,792,151,1168,179,1303,563,1
video_qyeb9lVk3vg/2.png,379,112,782,107,1499,414,667,590,0
video_nPQptm9z-pE/1.png,409,495,460,230,769,207,1115,385,1
video_wn_hp3X2HFU/1.png,-149,626,559,134,985,110,1089,714,1
video_8EsUNTGGQQ0/3.png,192,621,438,180,833,170,1273,528,1
video_dt6LpA5L_OI/3.png,386,82,596,69,1077,284,392,360,0
video_nFrNULr-byw/2.png,339,631,361,211,752,143,1334,370,1
video_2PjP_Q8KZfY/2.png,289,459,559,158,876,154,1169,406,1
video_QHoZK5ER0JQ/1.png,285,164,712,136,1438,388,516,619,0
video_F_FUdRGxd3c/2.png,320,108,903,69,1769,541,545,744,0
video_V7amzhXK4i4/1.png,244,542,512,118,876,122,1321,480,1
video_fmQ9QVwbMAM/2.png,187,474,442,454,517,479,206,507,1
video_LHXsvPCI3tE/1.png,-149,605,243,323,1276,339,1758,624,0
video_ROyEeR_Pm-o/1.png,299,181,354,62,497,67,648,180,1
video_XM8AiZwEmpw/2.png,143,408,710,178,1075,212,1054,541,1
video_RieJrYPfyLM/3.png,363,377,529,111,848,96,1176,316,1
video_2gGyWDQqcK8/2.png,399,593,416,217,757,177,1263,401,1
video_l7sr7GHHNxk/1.png,226,388,648,115,1015,121,1171,425,1
video_T82PbuwR6tg/3.png,497,538,579,306,865,286,1207,482,1
video_NwzK9WTOxh8/3.png,210,168,660,132,1402,422,553,746,0
video_N1hkt5NMry4/3.png,420,514,553,95,910,92,1416,438,1
video_Vq0vDv7aYtI/3.png,597,454,615,130,954,108,1443,355,1
video_Vmi-Yr6T9w0/1.png,487,581,584,181,993,180,1098,582,1
video_2xpjcI3yT6Y/3.png,391,198,785,146,1397,413,402,617,0
video_kW5T7OXSRyY/2.png,265,352,892,77,1342,106,1301,567,1
video_tK2_IJw-oAg/2.png,464,468,650,265,911,270,1000,475,1
video_ngZObXeHOlE/2.png,336,444,592,157,915,158,1213,417,1
video_XB4pCfrlmTQ/2.png,146,665,916,347,1329,274,901,716,1
video_H2q4c7ypUrw/2.png,383,568,437,109,858,107,1477,469,1
video_XCn0u3VotUo/2.png,333,597,542,209,931,201,1398,520,1
video_kW5T7OXSRyY/3.png,-14,354,716,77,1133,110,950,523,1
video_0pz1z3ImA2s/1.png,412,651,498,200,849,156,1395,420,1
video_Zv9P1nX-rBE/3.png,411,539,443,141,793,122,1302,390,1
video_oyL_Mw0AEf0/2.png,408,568,427,241,804,209,1277,435,1
video_rgVLhHceCmE/3.png,394,391,600,154,901,169,1161,405,1
video_doHGX7nUJ-E/3.png,-149,645,460,265,799,264,881,641,1
video_37vfYmOscWw/3.png,353,573,620,248,938,211,1247,470,1
video_2CgZaES757I/3.png,506,527,659,319,920,313,1032,527,1
video_LAv8Ns3UwTQ/1.png,443,154,804,138,1390,378,625,483,0
video_HL4SwPzUThA/3.png,379,271,412,3,552,12,566,281,1
video_V7amzhXK4i4/2.png,-149,781,457,216,887,166,1162,687,1
video_HY1nqgZXIDM/2.png,418,205,735,181,1177,379,434,497,0
video_y5uH8YPCytg/1.png,468,189,791,171,1262,393,481,493,0
video_mWNmZqJmvww/2.png,364,519,465,217,783,214,1163,439,1
video_k5kQ6m7XXyU/1.png,341,489,502,186,823,192,1184,455,1
video_jKllxvwUaZM/1.png,489,553,609,209,930,208,1082,556,1
video_lYU_44PTA5Y/2.png,292,393,591,46,980,42,1349,392,1
video_7mN9fzRLSt0/2.png,527,556,603,239,983,244,1054,564,1
video_K8kgg7_Tzxs/3.png,327,264,397,156,535,154,589,260,1
video_IquTvh87kG0/2.png,436,519,505,124,848,94,1368,366,1
video_mctgtCdtuaE/1.png,358,568,614,358,952,309,1151,468,1
video_6_kWYu-a8WY/3.png,436,482,543,189,860,160,1278,374,1
video_LANtRkCOvEU/1.png,94,312,170,164,369,186,570,317,1
video_Y2ekynYYIN0/2.png,175,581,525,231,899,233,1249,576,1
video_QxTIR4167Ag/2.png,478,459,519,128,854,102,1329,324,1
video_x2qVyhkhfro/3.png,500,266,798,245,1193,435,527,524,0
video_8VKL6Yiq3Zo/3.png,261,235,640,178,1323,340,696,613,0
video_y5uH8YPCytg/3.png,402,189,741,167,1180,371,419,501,0
video_q4uGGoY5oQM/2.png,447,451,620,152,944,141,1337,407,1
video_loAG72S_TZQ/3.png,477,555,634,342,903,339,1033,546,1
video_wV5hmQKxyv0/3.png,238,304,252,141,408,121,633,212,1
video_na0CdZWSoUU/2.png,534,463,629,200,944,209,1325,455,1
video_WWXgwIbBbas/1.png,215,258,301,59,464,50,692,208,1
video_MwLoBoHlD1Q/1.png,391,209,720,181,1206,367,477,527,0
video_Y2ekynYYIN0/1.png,207,569,525,225,900,232,1212,565,1
video_0s8OryI1UHo/3.png,234,148,673,135,1392,458,402,717,0
video_iw7va3iz_do/3.png,345,499,567,155,907,130,1267,411,1
video_Lacj3P899GE/1.png,442,561,631,359,891,359,991,570,1
video_hKJhJa_ylnY/3.png,267,183,663,162,1366,417,816,636,0
video_qTTkJ5OPHtE/2.png,377,235,722,187,1293,352,592,570,0
video_im02TPDrOmo/2.png,214,566,457,410,1017,411,1374,549,1
video_tK2_IJw-oAg/1.png,473,458,645,269,906,270,988,474,1
video_XdGvCVqbq8w/1.png,-149,153,263,65,1222,242,601,640,0
video_soAEjpSsjrU/3.png,-38,652,520,138,950,157,1380,702,1
video_VmLxrwE8XW0/3.png,344,373,563,98,935,99,1272,377,1
video_QSIBU_vNLVk/2.png,237,600,451,169,842,133,1363,435,1
video_w7XojtPAJOo/3.png,187,552,563,188,954,183,1318,531,1
video_ogvpCRQbNeU/2.png,511,416,551,338,871,280,1138,299,1
video_sLSfq9CZzAo/1.png,182,260,308,88,495,74,685,215,1
video_tbwPkoM3Gy4/3.png,209,99,404,78,663,180,263,251,0
video_aw0Ul-ydKAs/1.png,479,415,586,153,898,155,1251,405,1
video_DirvZ4GghCU/2.png,242,369,307,274,485,253,673,311,1
video_Cl-2ZwoOn_k/1.png,132,127,559,51,1303,230,720,578,0
video_G7bU61clPJw/3.png,409,384,613,154,915,150,1140,367,1
video_I8Wb_RJglns/2.png,346,432,552,184,861,179,1109,410,1
video_zVZFLSOJRU4/2.png,350,569,493,294,810,284,1136,506,1
video_BhH9sPOoGmo/3.png,358,469,564,168,877,175,1200,450,1
video_BhH9sPOoGmo/2.png,345,483,549,188,874,190,1202,462,1
video_pnS4oj7YP4o/3.png,421,391,661,113,993,90,1257,349,1
video_E0LHv1EnqOg/3.png,62,301,142,169,325,185,540,294,1
video_cGNnWM-4vs0/2.png,150,461,604,129,978,181,1324,611,1
video_wn_hp3X2HFU/2.png,-149,650,456,139,890,116,978,657,1
video_oVB6d5-56CQ/1.png,297,656,464,161,873,167,1542,587,1
video_gSgt9X49hHI/3.png,248,529,335,88,749,90,1321,433,1
video_YxrBU-Zs_9Y/2.png,-149,522,374,116,791,131,929,567,1
video_mrOstv7hv2Y/3.png,164,554,628,11,1038,-10,1531,474,1
video_y67nixh-_fU/1.png,329,367,1052,132,1510,161,1121,557,1
video_br45wsaNirU/2.png,589,518,687,244,1000,249,1443,507,1
video_iw7va3iz_do/2.png,359,487,579,154,909,134,1254,399,1
video_-EMu78WYYVM/3.png,163,683,514,273,882,269,1181,644,1
video_3CJSuXdQPuE/2.png,234,644,426,9,925,-17,1691,488,1
video_ZBaxIgie2mw/2.png,372,475,460,194,786,156,1185,354,1
video_LetgkNdArXk/3.png,307,231,398,135,522,133,580,233,1
video_mWNmZqJmvww/3.png,372,459,636,215,945,223,1198,483,1
video_Fvv0vLggn54/1.png,295,188,678,153,1233,368,422,550,0
video_1Mj-HT6MKTM/3.png,-149,683,474,180,846,153,1012,663,1
video_4ylVm4KUpQo/2.png,485,532,649,259,956,261,1078,537,1
video_x2qVyhkhfro/1.png,491,266,792,245,1199,430,521,523,0
video_MwsH4KlwHNg/1.png,263,81,417,85,649,208,299,245,0
video_YbxTwIQeqto/3.png,285,377,590,86,923,88,1173,389,1
video_I99iwLtz2Fc/1.png,273,691,446,274,783,239,1279,469,1
video_xdh6UZm5TXw/1.png,295,582,409,170,807,143,1363,438,1
video_Tn3g6xK9E44/1.png,248,560,613,247,966,224,1200,489,1
video_5skqGKb79bg/1.png,240,231,329,100,469,106,629,229,1
video_tG7LAZ7Z3SY/2.png,488,252,802,183,1350,342,644,578,0
video_AzIPuwF1b2U/3.png,174,663,545,272,960,257,1377,610,1
video_wGnX0zBjGFk/1.png,464,475,561,267,857,260,1142,443,1
video_MF1o3P3b2kQ/3.png,345,183,687,119,1273,262,620,475,0
video_Xu857EhkmDU/1.png,306,287,681,262,1252,486,507,639,0
video_xdOmbP-xN4M/1.png,34,390,809,150,1191,187,831,606,1
video_P888GrGgq44/2.png,446,508,578,266,877,263,1204,483,1
video_dt6LpA5L_OI/1.png,385,356,390,75,602,67,1037,284,1
video_J6HFhHart7Y/2.png,350,420,583,149,909,151,1194,399,1
video_UCFzsgrEmtM/2.png,-118,667,323,304,669,281,790,539,1
video_Vq0vDv7aYtI/2.png,600,449,613,136,948,109,1443,345,1
video_au19ZLW8Fk4/1.png,483,270,792,247,1252,437,521,555,0
video_Obacc9l4VTQ/3.png,325,645,349,96,783,94,1445,471,1
video_L0yrLXSoL88/3.png,581,603,664,-6,960,18,924,636,1
video_q69MUSqwYng/2.png,308,478,561,112,899,80,1302,356,1
video_AQm4TXb_jmQ/2.png,308,456,584,139,956,145,1320,456,1
video_TNGyT42_oeM/3.png,154,182,582,152,1234,405,662,620,0
video_BAbesL4iAQ0/3.png,344,599,634,279,1003,271,1375,573,1
video_MxogWxwaERU/2.png,292,319,394,216,523,214,579,325,1
video_IRuPXf0VABU/3.png,404,490,516,187,843,174,1250,419,1
